{"stats":{"minecraft:crafted":{"minecraft:oak_planks":24,"minecraft:stone_shovel":1,"minecraft:shield":1,"minecraft:crafting_table":1,"minecraft:stick":12,"minecraft:wooden_pickaxe":1,"minecraft:iron_ingot":6,"minecraft:stone_pickaxe":1,"minecraft:furnace":1,"minecraft:stone_hoe":1,"minecraft:stone_axe":1,"minecraft:air":0},"minecraft:custom":{"minecraft:time_since_rest":14110,"minecraft:interact_with_furnace":5,"minecraft:sprint_one_cm":17181,"minecraft:damage_taken":50,"minecraft:walk_one_cm":38480,"minecraft:damage_blocked_by_shield":55,"minecraft:mob_kills":3,"minecraft:drop":1,"minecraft:damage_dealt":957,"minecraft:interact_with_crafting_table":5,"minecraft:fly_one_cm":67798,"minecraft:crouch_one_cm":1091,"minecraft:play_time":14110,"minecraft:sneak_time":551,"minecraft:jump":237,"minecraft:time_since_death":14110,"minecraft:total_world_time":14110,"minecraft:fall_one_cm":6177},"minecraft:killed":{"minecraft:skeleton":1,"minecraft:zombie":1,"minecraft:creeper":1},"minecraft:used":{"minecraft:stone_pickaxe":20,"minecraft:oak_planks":2,"minecraft:shield":2,"minecraft:wooden_pickaxe":9,"minecraft:stone_axe":14,"minecraft:cobblestone":1,"minecraft:crafting_table":2,"minecraft:furnace":1},"minecraft:dropped":{"minecraft:stick":1},"minecraft:mined":{"minecraft:furnace":1,"minecraft:iron_ore":6,"minecraft:crafting_table":2,"minecraft:grass":2,"minecraft:oak_log":6,"minecraft:coal_ore":4,"minecraft:stone":18},"minecraft:picked_up":{"minecraft:stick":4,"minecraft:crafting_table":2,"minecraft:raw_iron":6,"minecraft:oak_log":6,"minecraft:bone":2,"minecraft:arrow":2,"minecraft:wheat_seeds":1,"minecraft:oak_sapling":2,"minecraft:coal":7,"minecraft:cobblestone":18,"minecraft:furnace":1}},"DataVersion":3465}