{"stats":{"minecraft:crafted":{"minecraft:oak_planks":44,"minecraft:stone_shovel":2,"minecraft:shield":1,"minecraft:crafting_table":2,"minecraft:stick":24,"minecraft:wooden_pickaxe":2,"minecraft:iron_ingot":6,"minecraft:stone_pickaxe":2,"minecraft:furnace":2,"minecraft:torch":48,"minecraft:stone_hoe":2,"minecraft:stone_axe":2,"minecraft:air":0},"minecraft:custom":{"minecraft:time_since_rest":15867,"minecraft:interact_with_furnace":5,"minecraft:sprint_one_cm":55647,"minecraft:damage_taken":380,"minecraft:walk_one_cm":103066,"minecraft:damage_blocked_by_shield":55,"minecraft:mob_kills":10,"minecraft:drop":1,"minecraft:damage_dealt":2186,"minecraft:swim_one_cm":5032,"minecraft:interact_with_crafting_table":8,"minecraft:fly_one_cm":103390,"minecraft:crouch_one_cm":6662,"minecraft:play_time":34783,"minecraft:deaths":1,"minecraft:sneak_time":2294,"minecraft:walk_under_water_one_cm":1380,"minecraft:jump":552,"minecraft:leave_game":2,"minecraft:time_since_death":15824,"minecraft:walk_on_water_one_cm":1013,"minecraft:total_world_time":34783,"minecraft:fall_one_cm":12423},"minecraft:killed":{"minecraft:skeleton":2,"minecraft:zombie":5,"minecraft:creeper":3},"minecraft:used":{"minecraft:stone_pickaxe":84,"minecraft:oak_planks":2,"minecraft:wooden_pickaxe":26,"minecraft:shield":2,"minecraft:rotten_flesh":3,"minecraft:torch":19,"minecraft:stone_axe":34,"minecraft:cobblestone":3,"minecraft:crafting_table":4,"minecraft:furnace":2},"minecraft:dropped":{"minecraft:stick":1},"minecraft:mined":{"minecraft:furnace":2,"minecraft:iron_ore":18,"minecraft:crafting_table":4,"minecraft:granite":3,"minecraft:grass":3,"minecraft:oak_log":11,"minecraft:coal_ore":29,"minecraft:stone":58,"minecraft:oak_planks":2,"minecraft:wall_torch":1},"minecraft:picked_up":{"minecraft:crafting_table":4,"minecraft:stick":11,"minecraft:raw_iron":18,"minecraft:torch":1,"minecraft:oak_log":11,"minecraft:gunpowder":3,"minecraft:bone":2,"minecraft:arrow":2,"minecraft:rotten_flesh":3,"minecraft:wheat_seeds":1,"minecraft:granite":3,"minecraft:oak_sapling":7,"minecraft:oak_planks":2,"minecraft:coal":32,"minecraft:cobblestone":58,"minecraft:furnace":2}},"DataVersion":3465}