{"stats":{"minecraft:picked_up":{"minecraft:raw_iron":7,"minecraft:stick":11,"minecraft:crafting_table":4,"minecraft:clay_ball":4,"minecraft:gravel":21,"minecraft:flint":1,"minecraft:oak_log":6,"minecraft:raw_copper":5,"minecraft:azalea":1,"minecraft:glow_berries":4,"minecraft:coal":99,"minecraft:cobblestone":29,"minecraft:furnace":2},"minecraft:custom":{"minecraft:time_since_rest":21628,"minecraft:interact_with_furnace":13,"minecraft:sprint_one_cm":1243,"minecraft:damage_taken":100,"minecraft:walk_one_cm":88674,"minecraft:mob_kills":1,"minecraft:drop":1,"minecraft:damage_dealt":70,"minecraft:swim_one_cm":1481,"minecraft:fly_one_cm":3856,"minecraft:interact_with_crafting_table":9,"minecraft:crouch_one_cm":1026,"minecraft:play_time":21628,"minecraft:sneak_time":547,"minecraft:walk_under_water_one_cm":2057,"minecraft:jump":221,"minecraft:leave_game":1,"minecraft:time_since_death":21628,"minecraft:walk_on_water_one_cm":17992,"minecraft:total_world_time":21628,"minecraft:fall_one_cm":3135},"minecraft:mined":{"minecraft:furnace":2,"minecraft:iron_ore":7,"minecraft:crafting_table":4,"minecraft:cave_vines_plant":1,"minecraft:grass":1,"minecraft:oak_log":6,"minecraft:coal_ore":36,"minecraft:cave_vines":11,"minecraft:dead_bush":9,"minecraft:gravel":22,"minecraft:tall_grass":1,"minecraft:copper_ore":1,"minecraft:azalea":1,"minecraft:stone":29,"minecraft:oak_leaves":1},"minecraft:crafted":{"minecraft:smooth_stone":3,"minecraft:oak_planks":24,"minecraft:stone_shovel":1,"minecraft:shield":1,"minecraft:crafting_table":1,"minecraft:stick":4,"minecraft:iron_ingot":7,"minecraft:wooden_pickaxe":1,"minecraft:stone_pickaxe":1,"minecraft:stone_sword":1,"minecraft:furnace":1,"minecraft:stone":3,"minecraft:bucket":1,"minecraft:torch":12,"minecraft:stone_hoe":1,"minecraft:stone_axe":1,"minecraft:air":0},"minecraft:killed":{"minecraft:spider":1},"minecraft:dropped":{"minecraft:stick":1},"minecraft:used":{"minecraft:stone_shovel":22,"minecraft:stone_pickaxe":56,"minecraft:wooden_pickaxe":19,"minecraft:gravel":21,"minecraft:stone_axe":5,"minecraft:torch":6,"minecraft:glow_berries":3,"minecraft:cobblestone":2,"minecraft:crafting_table":4,"minecraft:furnace":2,"minecraft:bucket":1}},"DataVersion":3465}