{"stats":{"minecraft:custom":{"minecraft:time_since_rest":9089,"minecraft:crouch_one_cm":302,"minecraft:play_time":9089,"minecraft:sprint_one_cm":1115,"minecraft:walk_one_cm":57610,"minecraft:sneak_time":117,"minecraft:drop":1,"minecraft:jump":87,"minecraft:time_since_death":9089,"minecraft:total_world_time":9089,"minecraft:fall_one_cm":1163,"minecraft:interact_with_crafting_table":2,"minecraft:fly_one_cm":3477},"minecraft:picked_up":{"minecraft:raw_copper":5,"minecraft:stick":11,"minecraft:crafting_table":2,"minecraft:gravel":10,"minecraft:oak_log":6,"minecraft:cobblestone":19},"minecraft:mined":{"minecraft:oak_log":6,"minecraft:dead_bush":9,"minecraft:gravel":10,"minecraft:copper_ore":1,"minecraft:stone":19,"minecraft:oak_leaves":1,"minecraft:crafting_table":2},"minecraft:crafted":{"minecraft:stone_sword":1,"minecraft:furnace":1,"minecraft:oak_planks":24,"minecraft:stone_shovel":1,"minecraft:stone_hoe":1,"minecraft:stone_axe":1,"minecraft:crafting_table":1,"minecraft:stick":4,"minecraft:stone_pickaxe":1,"minecraft:wooden_pickaxe":1},"minecraft:dropped":{"minecraft:stick":1},"minecraft:used":{"minecraft:stone_axe":1,"minecraft:crafting_table":2,"minecraft:stone_shovel":10,"minecraft:stone_pickaxe":1,"minecraft:wooden_pickaxe":19}},"DataVersion":3465}