{"stats":{"minecraft:crafted":{"minecraft:oak_planks":44,"minecraft:stone_shovel":2,"minecraft:shield":1,"minecraft:crafting_table":2,"minecraft:stick":16,"minecraft:wooden_pickaxe":2,"minecraft:iron_ingot":6,"minecraft:stone_pickaxe":2,"minecraft:furnace":2,"minecraft:torch":16,"minecraft:stone_hoe":2,"minecraft:stone_axe":2,"minecraft:air":0},"minecraft:custom":{"minecraft:time_since_rest":10984,"minecraft:interact_with_furnace":5,"minecraft:sprint_one_cm":38953,"minecraft:damage_taken":245,"minecraft:walk_one_cm":81696,"minecraft:damage_blocked_by_shield":55,"minecraft:mob_kills":8,"minecraft:drop":1,"minecraft:damage_dealt":1826,"minecraft:swim_one_cm":5032,"minecraft:interact_with_crafting_table":8,"minecraft:fly_one_cm":96555,"minecraft:deaths":1,"minecraft:crouch_one_cm":6221,"minecraft:play_time":29900,"minecraft:sneak_time":2137,"minecraft:walk_under_water_one_cm":1380,"minecraft:jump":413,"minecraft:leave_game":1,"minecraft:walk_on_water_one_cm":452,"minecraft:time_since_death":10941,"minecraft:total_world_time":29900,"minecraft:fall_one_cm":10652},"minecraft:killed":{"minecraft:skeleton":1,"minecraft:zombie":5,"minecraft:creeper":2},"minecraft:used":{"minecraft:stone_pickaxe":71,"minecraft:oak_planks":2,"minecraft:shield":2,"minecraft:wooden_pickaxe":26,"minecraft:rotten_flesh":2,"minecraft:stone_axe":28,"minecraft:torch":3,"minecraft:cobblestone":3,"minecraft:crafting_table":4,"minecraft:furnace":2},"minecraft:dropped":{"minecraft:stick":1},"minecraft:mined":{"minecraft:furnace":2,"minecraft:iron_ore":10,"minecraft:crafting_table":4,"minecraft:grass":3,"minecraft:oak_log":11,"minecraft:coal_ore":29,"minecraft:stone":56,"minecraft:oak_planks":2},"minecraft:picked_up":{"minecraft:stick":11,"minecraft:crafting_table":4,"minecraft:raw_iron":10,"minecraft:oak_log":11,"minecraft:gunpowder":2,"minecraft:bone":2,"minecraft:arrow":2,"minecraft:rotten_flesh":3,"minecraft:wheat_seeds":1,"minecraft:oak_sapling":7,"minecraft:oak_planks":2,"minecraft:coal":32,"minecraft:cobblestone":56,"minecraft:furnace":2}},"DataVersion":3465}