{"stats":{"minecraft:killed":{"minecraft:spider":1},"minecraft:dropped":{"minecraft:stick":1},"minecraft:crafted":{"minecraft:smooth_stone":3,"minecraft:oak_planks":24,"minecraft:stone_shovel":1,"minecraft:shield":1,"minecraft:crafting_table":1,"minecraft:stick":4,"minecraft:wooden_pickaxe":1,"minecraft:iron_ingot":7,"minecraft:stone_pickaxe":1,"minecraft:stone_sword":1,"minecraft:furnace":1,"minecraft:stone":3,"minecraft:bucket":1,"minecraft:torch":12,"minecraft:stone_hoe":1,"minecraft:stone_axe":1,"minecraft:air":0},"minecraft:picked_up":{"minecraft:raw_iron":7,"minecraft:stick":34,"minecraft:crafting_table":4,"minecraft:clay_ball":4,"minecraft:gravel":21,"minecraft:sand":1,"minecraft:flint":1,"minecraft:oak_log":6,"minecraft:raw_copper":5,"minecraft:tropical_fish":1,"minecraft:bone_meal":1,"minecraft:azalea":1,"minecraft:glow_berries":4,"minecraft:coal":99,"minecraft:cobblestone":30,"minecraft:furnace":2},"minecraft:mined":{"minecraft:furnace":2,"minecraft:iron_ore":7,"minecraft:crafting_table":4,"minecraft:cave_vines_plant":1,"minecraft:grass":1,"minecraft:oak_log":6,"minecraft:coal_ore":36,"minecraft:cave_vines":11,"minecraft:dead_bush":32,"minecraft:gravel":22,"minecraft:sand":1,"minecraft:tall_grass":1,"minecraft:copper_ore":1,"minecraft:azalea":1,"minecraft:stone":30,"minecraft:oak_leaves":3},"minecraft:custom":{"minecraft:time_since_rest":2495,"minecraft:interact_with_furnace":13,"minecraft:sprint_one_cm":80836,"minecraft:damage_taken":1430,"minecraft:walk_one_cm":166342,"minecraft:damage_blocked_by_shield":40,"minecraft:mob_kills":1,"minecraft:drop":1,"minecraft:damage_dealt":70,"minecraft:swim_one_cm":11175,"minecraft:interact_with_crafting_table":9,"minecraft:fly_one_cm":237424,"minecraft:crouch_one_cm":1076,"minecraft:play_time":49599,"minecraft:deaths":5,"minecraft:sneak_time":568,"minecraft:walk_under_water_one_cm":3983,"minecraft:jump":1118,"minecraft:leave_game":3,"minecraft:walk_on_water_one_cm":21126,"minecraft:time_since_death":2475,"minecraft:total_world_time":49599,"minecraft:fall_one_cm":37823},"minecraft:used":{"minecraft:tropical_fish":1,"minecraft:stone_pickaxe":57,"minecraft:stone_shovel":22,"minecraft:wooden_pickaxe":19,"minecraft:shield":2,"minecraft:gravel":21,"minecraft:stone_axe":5,"minecraft:torch":7,"minecraft:glow_berries":4,"minecraft:cobblestone":2,"minecraft:crafting_table":4,"minecraft:furnace":2,"minecraft:bucket":1},"minecraft:killed_by":{"minecraft:skeleton":1,"minecraft:creeper":1}},"DataVersion":3465}